[
    {
        "name": "id",
        "labels": "Id",
        "html-type": "hidden",
        "css-class": "",
        "options": {},
        "html-value": null,
        "validation": "",
        "is-on-index": false,
        "is-on-show": false,
        "is-on-form": false,
        "data-type": "int",
        "data-type-params": [],
        "data-value": null,
        "is-index": false,
        "is-unique": false,
        "is-primary": true,
        "comment": null,
        "is-nullable": false,
        "is-header": false,
        "is-unsigned": true,
        "is-auto-increment": true,
        "is-inline-options": false,
        "is-date": false,
        "date-format": "",
        "cast-as": "",
        "placeholder": {},
        "delimiter": "; ",
        "range": [],
        "foreign-relation": null,
        "foreign-constraint": null,
        "on-store": null,
        "on-update": null
    },
    {
        "name": "project_name",
        "labels": "Project Name",
        "html-type": "text",
        "css-class": "",
        "options": {},
        "html-value": null,
        "validation": "string|min:1",
        "is-on-index": true,
        "is-on-show": true,
        "is-on-form": true,
        "data-type": "string",
        "data-type-params": [],
        "data-value": null,
        "is-index": false,
        "is-unique": false,
        "is-primary": false,
        "comment": null,
        "is-nullable": true,
        "is-header": false,
        "is-unsigned": false,
        "is-auto-increment": false,
        "is-inline-options": false,
        "is-date": false,
        "date-format": "",
        "cast-as": "",
        "placeholder": "Enter project name here...",
        "delimiter": "; ",
        "range": [],
        "foreign-relation": null,
        "foreign-constraint": null,
        "on-store": null,
        "on-update": null
    },
    {
        "name": "description",
        "labels": "Description",
        "html-type": "textarea",
        "css-class": "",
        "options": {},
        "html-value": null,
        "validation": "string|min:1|max:1000",
        "is-on-index": false,
        "is-on-show": true,
        "is-on-form": true,
        "data-type": "string",
        "data-type-params": [
            1000
        ],
        "data-value": null,
        "is-index": false,
        "is-unique": false,
        "is-primary": false,
        "comment": null,
        "is-nullable": true,
        "is-header": false,
        "is-unsigned": false,
        "is-auto-increment": false,
        "is-inline-options": false,
        "is-date": false,
        "date-format": "",
        "cast-as": "",
        "placeholder": {},
        "delimiter": "; ",
        "range": [],
        "foreign-relation": null,
        "foreign-constraint": null,
        "on-store": null,
        "on-update": null
    },
    {
        "name": "status",
        "labels": "Status",
        "html-type": "select",
        "css-class": "",
        "options": {

        "active":"active",
        "deleted":"deleted"
        
        },
        "html-value": null,
        "validation": "string|min:1",
        "is-on-index": true,
        "is-on-show": true,
        "is-on-form": true,
        "data-type": "string",
        "data-type-params": [10],
        "data-value": null,
        "is-index": false,
        "is-unique": false,
        "is-primary": false,
        "comment": null,
        "is-nullable": true,
        "is-header": false,
        "is-unsigned": false,
        "is-auto-increment": false,
        "is-inline-options": false,
        "is-date": false,
        "date-format": "",
        "cast-as": "",
        "placeholder": "Enter status here...",
        "delimiter": "; ",
        "range": [],
        "foreign-relation": null,
        "foreign-constraint": null,
        "on-store": null,
        "on-update": null
    },
    {
        "name": "assigned_by",
        "labels": "Assigned By",
        "html-type": "select",
        "css-class": "",
        "options": {},
        "html-value": null,
        "validation": "required",
        "is-on-index": true,
        "is-on-show": true,
        "is-on-form": true,
        "data-type": "int",
        "data-type-params": [],
        "data-value": null,
        "is-index": true,
        "is-unique": false,
        "is-primary": false,
        "comment": null,
        "is-nullable": false,
        "is-header": false,
        "is-unsigned": true,
        "is-auto-increment": false,
        "is-inline-options": false,
        "is-date": false,
        "date-format": "",
        "cast-as": "",
        "placeholder": "Select assigned by",
        "delimiter": "; ",
        "range": [],
        "foreign-relation": {
            "name": "assignedBy",
            "type": "belongsTo",
            "params": [
                "App\\Models\\AssignedBy",
                "assigned_by"
            ],
            "field": "id"
        },
        "foreign-constraint": null,
        "on-store": null,
        "on-update": null
    },
    {
        "name": "assignee",
        "labels": "Assignee",
        "html-type": "text",
        "css-class": "",
        "options": {},
        "html-value": null,
        "validation": "string|min:1",
        "is-on-index": true,
        "is-on-show": true,
        "is-on-form": true,
        "data-type": "string",
        "data-type-params": [],
        "data-value": null,
        "is-index": false,
        "is-unique": false,
        "is-primary": false,
        "comment": null,
        "is-nullable": true,
        "is-header": false,
        "is-unsigned": false,
        "is-auto-increment": false,
        "is-inline-options": false,
        "is-date": false,
        "date-format": "",
        "cast-as": "",
        "placeholder": "Enter assignee here...",
        "delimiter": "; ",
        "range": [],
        "foreign-relation": null,
        "foreign-constraint": null,
        "on-store": null,
        "on-update": null
    },
    {
        "name": "priority",
        "labels": "Priority",
        "html-type": "text",
        "css-class": "",
        "options": {},
        "html-value": null,
        "validation": "string|min:1",
        "is-on-index": true,
        "is-on-show": true,
        "is-on-form": true,
        "data-type": "string",
        "data-type-params": [],
        "data-value": null,
        "is-index": false,
        "is-unique": false,
        "is-primary": false,
        "comment": null,
        "is-nullable": true,
        "is-header": false,
        "is-unsigned": false,
        "is-auto-increment": false,
        "is-inline-options": false,
        "is-date": false,
        "date-format": "",
        "cast-as": "",
        "placeholder": "Enter priority here...",
        "delimiter": "; ",
        "range": [],
        "foreign-relation": null,
        "foreign-constraint": null,
        "on-store": null,
        "on-update": null
    },
    {
        "name": "watchers",
        "labels": "Watchers",
        "html-type": "checkbox",
        "css-class": "",
        "options": {},
        "html-value": null,
        "validation": "string|min:1",
        "is-on-index": true,
        "is-on-show": true,
        "is-on-form": true,
        "data-type": "string",
        "data-type-params": [],
        "data-value": null,
        "is-index": false,
        "is-unique": false,
        "is-primary": false,
        "comment": null,
        "is-nullable": true,
        "is-header": false,
        "is-unsigned": false,
        "is-auto-increment": false,
        "is-inline-options": true,
        "is-date": false,
        "date-format": "",
        "cast-as": "",
        "placeholder": "Enter watchers here...",
        "delimiter": "; ",
        "range": [],
        "foreign-relation": null,
        "foreign-constraint": null,
        "on-store": null,
        "on-update": null
    }
]