[
    {
        "model-name": "AssetCategory",
        "resource-file": "asset_categories.json",
        "table-name": "asset_categories",
        "migrations": [
            {
                "name": "2017_10_25_112208_create_asset_categories_table",
                "class-name": "CreateAssetCategoriesTable",
                "path": "C:\\xampp\\htdocs\\task_manager\\database\\migrations\\asset_categories\\2017_10_25_112208_create_asset_categories_table.php",
                "is-create": true,
                "is-virtual": false,
                "is-organized": true,
                "with-soft-delete": false,
                "without-timestamps": false,
                "resource": {
                    "fields": [
                        {
                            "name": "id",
                            "labels": "Id",
                            "html-type": "text",
                            "css-class": "",
                            "options": {},
                            "html-value": null,
                            "validation": "",
                            "is-on-index": false,
                            "is-on-show": false,
                            "is-on-form": false,
                            "data-type": "int",
                            "data-type-params": [],
                            "data-value": null,
                            "is-index": false,
                            "is-unique": false,
                            "is-primary": true,
                            "comment": null,
                            "is-nullable": false,
                            "is-header": false,
                            "is-unsigned": true,
                            "is-auto-increment": true,
                            "is-inline-options": false,
                            "is-date": false,
                            "date-format": "",
                            "cast-as": "",
                            "placeholder": {},
                            "delimiter": "; ",
                            "range": [],
                            "foreign-relation": null,
                            "foreign-constraint": null,
                            "on-store": null,
                            "on-update": null
                        },
                        {
                            "name": "name",
                            "labels": "Name",
                            "html-type": "text",
                            "css-class": "",
                            "options": {},
                            "html-value": null,
                            "validation": "required|string|min:1|max:255",
                            "is-on-index": true,
                            "is-on-show": true,
                            "is-on-form": true,
                            "data-type": "string",
                            "data-type-params": [
                                255
                            ],
                            "data-value": null,
                            "is-index": false,
                            "is-unique": false,
                            "is-primary": false,
                            "comment": null,
                            "is-nullable": false,
                            "is-header": true,
                            "is-unsigned": false,
                            "is-auto-increment": false,
                            "is-inline-options": false,
                            "is-date": false,
                            "date-format": "",
                            "cast-as": "",
                            "placeholder": "Enter name here...",
                            "delimiter": "; ",
                            "range": [],
                            "foreign-relation": null,
                            "foreign-constraint": null,
                            "on-store": null,
                            "on-update": null
                        },
                        {
                            "name": "description",
                            "labels": "Description",
                            "html-type": "textarea",
                            "css-class": "",
                            "options": {},
                            "html-value": null,
                            "validation": "string|min:1|max:1000|nullable",
                            "is-on-index": false,
                            "is-on-show": true,
                            "is-on-form": true,
                            "data-type": "string",
                            "data-type-params": [
                                1000
                            ],
                            "data-value": null,
                            "is-index": false,
                            "is-unique": false,
                            "is-primary": false,
                            "comment": null,
                            "is-nullable": true,
                            "is-header": false,
                            "is-unsigned": false,
                            "is-auto-increment": false,
                            "is-inline-options": false,
                            "is-date": false,
                            "date-format": "",
                            "cast-as": "",
                            "placeholder": {},
                            "delimiter": "; ",
                            "range": [],
                            "foreign-relation": null,
                            "foreign-constraint": null,
                            "on-store": null,
                            "on-update": null
                        },
                        {
                            "name": "is_active",
                            "labels": "Is Active",
                            "html-type": "checkbox",
                            "css-class": "",
                            "options": {},
                            "html-value": null,
                            "validation": "boolean",
                            "is-on-index": true,
                            "is-on-show": true,
                            "is-on-form": true,
                            "data-type": "bool",
                            "data-type-params": [],
                            "data-value": null,
                            "is-index": false,
                            "is-unique": false,
                            "is-primary": false,
                            "comment": null,
                            "is-nullable": false,
                            "is-header": false,
                            "is-unsigned": false,
                            "is-auto-increment": false,
                            "is-inline-options": false,
                            "is-date": false,
                            "date-format": "",
                            "cast-as": "",
                            "placeholder": {},
                            "delimiter": "; ",
                            "range": [],
                            "foreign-relation": null,
                            "foreign-constraint": null,
                            "on-store": null,
                            "on-update": null
                        }
                    ],
                    "relations": [],
                    "indexes": []
                }
            }
        ]
    }
]